{
    "accuracy": 0.5249753532697995,
    "f1_score": 0.6498304263565892,
    "classification_report": {
        "0": {
            "precision": 0.5054240631163708,
            "recall": 0.17660234321157822,
            "f1-score": 0.2617466802860061,
            "support": 5804.0
        },
        "1": {
            "precision": 0.5288840694006309,
            "recall": 0.8424937185929648,
            "f1-score": 0.6498304263565892,
            "support": 6368.0
        },
        "accuracy": 0.5249753532697995,
        "macro avg": {
            "precision": 0.5171540662585008,
            "recall": 0.5095480309022715,
            "f1-score": 0.45578855332129764,
            "support": 12172.0
        },
        "weighted avg": {
            "precision": 0.5176975859571668,
            "recall": 0.5249753532697995,
            "f1-score": 0.46477964898280805,
            "support": 12172.0
        }
    }
}