{
    "accuracy": 0.52464673020046,
    "f1_score": 0.6495457298606905,
    "classification_report": {
        "0": {
            "precision": 0.5044334975369458,
            "recall": 0.17643004824259131,
            "f1-score": 0.26142455961194794,
            "support": 5804.0
        },
        "1": {
            "precision": 0.5286925655689213,
            "recall": 0.8420226130653267,
            "f1-score": 0.6495457298606905,
            "support": 6368.0
        },
        "accuracy": 0.52464673020046,
        "macro avg": {
            "precision": 0.5165630315529335,
            "recall": 0.509226330653959,
            "f1-score": 0.4554851447363192,
            "support": 12172.0
        },
        "weighted avg": {
            "precision": 0.5171250638553503,
            "recall": 0.52464673020046,
            "f1-score": 0.46447710743843434,
            "support": 12172.0
        }
    },
    "confusion_matrix": [
        [
            1024,
            4780
        ],
        [
            1006,
            5362
        ]
    ]
}