Regime,Samples,Accuracy
Bullish,32301,0.5449620801733478
Bearish,28629,0.5260216556060077
