Fold,Accuracy
1,0.49867060561299853
2,0.5328409650418513
3,0.5422944362383062
4,0.4844903988183161
5,0.5413096996553421
